{"sim_GPU":"NVIDIA GeForce RTX 3070","num_photon":2.0E+8,"SDS_detected_number":71233,"sim_time":16.499105,"sim_speed":1.2121869640807789E+7}